<?xml version="1.0" encoding="UTF-8"?>
<project-private xmlns="http://www.netbeans.org/ns/project-private/1">
    <editor-bookmarks xmlns="http://www.netbeans.org/ns/editor-bookmarks/2" lastBookmarkId="0"/>
    <open-files xmlns="http://www.netbeans.org/ns/projectui-open-files/2">
        <group>
            <file>file:/C:/Users/PC/OneDrive/Documentos/NetBeansProjects/Farmacia/src/view/Main.java</file>
            <file>file:/C:/Users/PC/OneDrive/Documentos/NetBeansProjects/Farmacia/src/model/Funcionario.java</file>
            <file>file:/C:/Users/PC/OneDrive/Documentos/NetBeansProjects/Farmacia/src/model/Produto.java</file>
            <file>file:/C:/Users/PC/OneDrive/Documentos/NetBeansProjects/Farmacia/src/model/Medicamento.java</file>
            <file>file:/C:/Users/PC/OneDrive/Documentos/NetBeansProjects/Farmacia/src/view/CadMedicamento.java</file>
            <file>file:/C:/Users/PC/OneDrive/Documentos/NetBeansProjects/Farmacia/src/DAO/ProdutoDAO.java</file>
            <file>file:/C:/Users/PC/OneDrive/Documentos/NetBeansProjects/Farmacia/src/view/CadFuncionario.java</file>
            <file>file:/C:/Users/PC/OneDrive/Documentos/NetBeansProjects/Farmacia/src/view/CadProduto.java</file>
        </group>
    </open-files>
</project-private>
